institute_id,institute_name,programme_offered,broad_field,degree_type,total_seats,eligibility,city,state,admissions_url,source_page,remarks
ALAG001,Alagappa University,MSc Biotechnology,Biotechnology,MSc,10,"B.Sc. Physical Sciences (Physics, Chemistry or equivalent)/ Biological (Botany, Zoology, Biochemistry, Microbiology, Biotechnology or equivalent)/ Agricultural/ Veterinary/ Fisheries Sciences/ Pharmacy/ Engineering in relevant discipline/ Technology or equivalent degree (with 55% for others and for SC/ST 50% marks)",Karaikudi,Tamil Nadu,https://www.alagappauniversity.ac.in,1,SC/ST relaxation to 50%
AMITY001,Amity University Haryana,MSc Biotechnology,Biotechnology,MSc,10,"Bachelor degree with at least 55% marks in Life Sciences, Agriculture, Pharmacy, Biological, Biotechnology, Physical, Veterinary and Fishery Sciences",Gurugram,Haryana,https://www.amity.edu/gurugram,1,No maximum age limit
AAU001,Assam Agricultural University,MSc Molecular Biology and Biotechnology,Molecular Biology & Biotechnology,MSc,11,Passed B.Sc. (Agri.)/B.Sc. (Hort.)/B.Sc. (Agric. Biotech)/B.Sc. (Seri.)/B.Sc. (Hons.) Agriculture/Horticulture/Fisheries/Forestry/Sericulture/Home Science/Community Science or B.Sc. Biology/Botany/Zoology/Life Sciences/Biotechnology/Bioinformatics/Biochemistry/Microbiology,Jorhat,Assam,http://www.aau.ac.in,1,Category-wise CGPA requirements
BGSBU001,Baba Ghulam Shah Badshah University,MSc Bioresources Biotechnology,Bioresources Biotechnology,MSc,20,"Bachelor’s degree in Biological, Agricultural, Physical, Veterinary and Fishery Sciences, Pharmacy, Engineering/Technology, 4-years B.Sc. (Physician Assistant Course), MBBS or BDS, with at least 55% marks",Rajouri,Jammu and Kashmir,https://www.bgsbu.ac.in,2,Minimum 55% marks
BHU001,Banaras Hindu University,MSc Biotechnology,Biotechnology,MSc,30,"Bachelor's Degree under 10+2+3 pattern in Physical, Biological, Agricultural, Veterinary and Fishery Science, Pharmacy, Engineering/Technology, 4 years B.Sc. (Physician Assistant Course), or MBBS/BDS with at least 55% marks",Varanasi,Uttar Pradesh,https://www.bhu.ac.in,2,Minimum 55% marks
BHU002,Banaras Hindu University,MSc Molecular and Human Genetics,Molecular & Human Genetics,MSc,30,"Graduate Degree in Physical, Biological, Agricultural, Veterinary and Fishery Sciences, Pharmacy, Engineering/Technology, 4-years B.Sc. (Physician Assistant Course), or MBBS/BDS with at least 55% marks",Varanasi,Uttar Pradesh,https://www.bhu.ac.in,2,Minimum 55% marks
BANAS001,Banasthali Vidyapith,MSc Biotechnology,Biotechnology,MSc,30,55% in Bachelor's degree in various Life Science disciplines,Banasthali,Rajasthan,https://www.banasthali.org,2,Women candidates only
BERH001,Berhampur University,MSc Biotechnology,Biotechnology,MSc,10,"Any Science Graduate (Physical Science, Chemical Science, Biological Science, Medical Science and/or Agriculture) having 50% marks in aggregate with Biology at +2/Senior Secondary level",Berhampur,Odisha,https://www.buodisha.edu.in,2,Biology required at +2 level
BHAR001,Bharathiar University,MSc Medical Biotechnology,Medical Biotechnology,MSc,10,Bachelor's degree in any Life Sciences/Biological Sciences; Bachelor degree in Technology (Biotechnology/Biomedical Engineering); MBBS/BDS/BVSc/BPharm,Coimbatore,Tamil Nadu,https://bu.ac.in,3,Medical Biotechnology specialization
BODO001,Bodoland University,MSc Biotechnology,Biotechnology,MSc,10,GAT-B 2026 qualified and B.Sc with 55% marks for General and 50% for ST/SC/OBC categories in any Life Sciences,Kokrajhar,Assam,https://buniv.edu.in,3,GAT-B qualification mandatory
CUJ001,Central University of Jammu,MSc Biotechnology,Biotechnology,MSc,10,Bachelor’s degree with Biotechnology/Microbiology/Biochemistry/Botany/Zoology/Bioinformatics/Pharmacy/Life Sciences/any allied discipline in Biosciences with 55% marks or equivalent grade (50% for SC/ST/PWD),Jammu,Jammu and Kashmir,https://www.cujammu.ac.in,3,SC/ST/PWD relaxation
CURAJ001,Central University of Rajasthan,MSc Biotechnology,Biotechnology,MSc,10,Bachelor’s degree with Microbiology/Zoology/Botany/Life Sciences/Biochemistry/Genetics/Biotechnology/Medicine/Pharmacy or other Biological Sciences and Chemistry for at least one year/two semesters,Ajmer,Rajasthan,https://www.curaj.ac.in,3,"50% General, 45% reserved categories"
CUSB001,Central University of South Bihar,MSc Biotechnology,Biotechnology,MSc,10,Bachelor's degree in Biotechnology or Biological Sciences or B.Sc. (Hons.) Zoology/Botany/Chemistry or B.Sc./Integrated B.Sc.-B.Ed. with Zoology/Botany/Chemistry,Gaya,Bihar,https://www.cusb.ac.in,4,"55% General/OBC/EWS, 50% SC/ST/PWD"
CUTN001,Central University of Tamil Nadu,MSc Biotechnology,Biotechnology,MSc,10,"B.Sc. Degree in Biological, Agriculture, Pharmacy, Chemical, Veterinary and Fishery Sciences, Engineering/Technology, MBBS, BDS or equivalent",Thiruvarur,Tamil Nadu,https://cutn.ac.in,4,Maximum age 30 years; 35 years for SC/ST and women; PWD reservation
COTTON001,Cotton University,MSc Molecular Biology and Biotechnology,Molecular Biology & Biotechnology,MSc,10,Bachelor’s Degree with Major/Honours in Zoology/Botany/Biotechnology/Microbiology or similar discipline,Guwahati,Assam,https://cottonuniversity.ac.in,4,Major/Honours required
GABU001,Gautam Buddha University,MSc Biotechnology,Biotechnology,MSc,10,B.Sc. Degree in Life Science/Biology/Biotechnology or any area of Biology with minimum 50% marks (45% for SC/ST),Greater Noida,Uttar Pradesh,https://www.gbu.ac.in,5,SC/ST relaxation
GIET001,GIET University,MSc Biotechnology,Biotechnology,MSc,10,B.Sc. Biotechnology/Biochemistry/Microbiology/Botany/Zoology/Physics/Chemistry/Environmental Sciences/Agriculture/BVSc/B.Tech Biotechnology/B.Pharma/BAMS/BHMS/BPT and related disciplines with minimum 45% marks,Gunupur,Odisha,https://www.giet.edu,5,Minimum 45% marks
GOA001,Goa University,MSc Marine Biotechnology,Marine Biotechnology,MSc,30,"B.Sc. Degree under 10+2+3 in Physical, Chemical, Biological, Agriculture, Fisheries, Pharmaceutical, Medicine, Engineering or Technology disciplines with 55% marks",Taleigao,Goa,https://www.unigoa.ac.in,5,SC/ST/PWD eligible irrespective of percentage
GTU001,Gujarat Technological University,MSc Industrial Biotechnology,Industrial Biotechnology,MSc,10,B.Sc. in Biological and allied subjects or Chemistry/Life Sciences/Pharmaceutical Sciences with Biology and at least 50% marks,Ahmedabad,Gujarat,https://www.gtu.ac.in,5,No maximum age limit
GADVASU001,Guru Angad Dev Veterinary and Animal Sciences University,MSc Molecular Biology and Biotechnology (Animal Biotechnology),Animal Biotechnology,MSc,10,B.Tech Biotechnology/B.Sc Biotechnology/Medical/Life Sciences/B.Sc Hons Biotechnology/Biochemistry/Microbiology/Molecular Genetics/B.F.Sc/B.E Biotechnology,Ludhiana,Punjab,https://www.gadvasu.in,5,Preference to 4-year degree holders
GGU001,Guru Ghasidas Vishwavidyalaya,MSc Biotechnology,Biotechnology,MSc,10,"B.Tech/B.Sc/B.Sc.(Hons) in Biotechnology, Botany, Zoology, Biochemistry, Microbiology, Biophysics, Life Sciences, Bio-Sciences or allied Biological/Life Sciences subjects with at least 50% marks in aggregate",Bilaspur,Chhattisgarh,https://www.ggu.ac.in,6,"Maximum age: Gen 25 years, OBC 28 years, SC/ST 30 years"
GJUST001,Guru Jambheshwar University of Science and Technology,MSc Biotechnology,Biotechnology,MSc,30,"Graduate in Biological Science, Veterinary Science, Agricultural Sciences, Fishery Sciences, Pharmacy, B.Tech Biotechnology, Medicine (MBBS/BAMS/BDS) or BMLT with at least 50% marks",Hisar,Haryana,https://www.gjust.ac.in,6,Pass marks acceptable for Haryana SC candidates
GNDU001,Guru Nanak Dev University,MSc Biotechnology,Biotechnology,MSc,30,"Bachelor's degree under 10+2+3 pattern in Physical, Chemical, Biological, Agricultural, Veterinary and Fishery Sciences, Pharmacy, Engineering/Technology, 4-year B.Sc. (Physician Assistant Course), MBBS/BDS with at least 50% marks",Amritsar,Punjab,https://www.gndu.ac.in,6,SC candidates require 45% marks
CUHP001,Himachal Pradesh University,MSc Biotechnology,Biotechnology,MSc,30,"Bachelor's degree under 10+2+3 pattern in Physical, Biological, Agricultural, Veterinary and Fisheries Sciences, Pharmacy, Engineering/Technology, 4-year B.Sc. (Physician Assistant Course), MBBS/BDS",Shimla,Himachal Pradesh,https://www.hpuniv.ac.in,6,"55% General/Others, 50% SC/ST"
IIS001,IIS (Deemed to be University),MSc Biotechnology,Biotechnology,MSc,10,GAT-B qualified students with Bachelor's degree in any branch of Life Sciences or Allied Sciences with at least 50% marks (UR) and 45% marks (EWS/SC/ST/OBC/PwD/DA),Jaipur,Rajasthan,https://www.iisuniv.ac.in,6,Women candidates only
IITI001,Indian Institute of Technology Indore,MSc Biotechnology,Biotechnology,MSc,10,"Bachelor's degree (3/4/5 years) in Biology, Biotechnology, Agriculture or allied discipline with any biology subject",Indore,Madhya Pradesh,https://iiti.ac.in,7,GEN/OBC/EWS: 60% or CGPA 6.0; SC/ST/PwD: 55% or CGPA 5.5; No age limit
IAR001,Institute of Advanced Research,MSc Biotechnology,Biotechnology,MSc,10,As per DBT norms and Institute of Advanced Research admission norms,Gandhinagar,Gujarat,https://iar.ac.in,7,Maximum age 25 years; relaxation 5 years SC/ST and 3 years OBC
JMI001,Jamia Millia Islamia,MSc Biotechnology,Biotechnology,MSc,10,"B.Pharma/B.Sc/B.Sc(Hons) in Biosciences, Biotechnology, Biotechnology (Voc.), Biological Sciences, Biochemistry, Microbiology, Genetics or any area of Modern Biology with not less than 50% marks",New Delhi,Delhi,https://www.jmi.ac.in,7,Minimum 50% aggregate
JNU001,Jawaharlal Nehru University,MSc Computational and Integrative Sciences,Computational Biology,MSc,15,Minimum 55% marks in Bachelor's degree in any branch of Basic and Applied Science or Technology including medicine and engineering disciplines,New Delhi,Delhi,https://www.jnu.ac.in/main,8,Minimum 55% marks
JNU002,Jawaharlal Nehru University,MSc Biotechnology,Biotechnology,MSc,30,"Bachelor's degree under 10+2+3 pattern in Physical, Biological (Biochemistry, Bioinformatics, Biotechnology, Botany, Microbiology, Zoology), Agricultural, Veterinary and Fishery Sciences, Pharmacy, Engineering/Technology, 4-year B.Sc. (Physician Assistant Course), MBBS/BDS",New Delhi,Delhi,https://www.jnu.ac.in/main,8,Minimum 55% marks
JUIT001,Jaypee University of Information Technology,MSc Biotechnology,Biotechnology,MSc,10,"Passed/Appeared Bachelor's degree in Life Sciences, Environmental Sciences, Physical Sciences, Agricultural Sciences, MBBS, BDS, Pharmacy, Veterinary and Fishery Sciences or equivalent",Solan,Himachal Pradesh,https://www.juit.ac.in,8,"50% for General category, 45% for SC/ST; final-year students eligible provisionally"
MKU001,Madurai Kamaraj University,MSc Biotechnology,Biotechnology,MSc,30,"Bachelor's degree in Biotechnology, Life Sciences, Zoology, Botany, Microbiology, Biochemistry, Biomedical Sciences, Chemical Sciences (with biology subject), B.Tech Biotechnology or MBBS",Madurai,Tamil Nadu,https://www.mkuniversity.ac.in,8,Minimum 55% marks
NDVSU001,Nanaji Deshmukh Veterinary Science University,MSc Animal Biotechnology,Animal Biotechnology,MSc,5,B.Sc Life Science or B.Tech Biotechnology for M.Sc Animal Biotechnology programme,Jabalpur,Madhya Pradesh,https://www.ndvsu.org,9,Institution also mentions separate MVSc Veterinary Biotechnology eligibility
NCT001,National College,MSc Biotechnology,Biotechnology,MSc,10,"Bachelor degree in Biotechnology, Microbiology, Botany, Zoology, Biochemistry, Agricultural Science or equivalent; B.Tech Biotechnology, Agriculture, MBBS or equivalent",Tiruchirappalli,Tamil Nadu,https://www.nct.ac.in,9,Minimum 55%; final-year candidates eligible subject to passing
NITD001,National Institute of Technology Durgapur,MSc Life Sciences (Microbial Biotechnology / Plant & Animal Biotechnology),Life Sciences,MSc,10,"B.Sc in any branch of Life Sciences, Chemistry or Physics",Durgapur,West Bengal,https://nitdgp.ac.in,9,Gen/EWS/OBC-NCL: 60% or CGPA 6.5; SC/ST/PWD: 55% or CGPA 6.0
NITTE001,NITTE (Deemed to be University),MSc Marine Biotechnology,Marine Biotechnology,MSc,10,"B.Sc in Biological Sciences, Marine Biology, Fishery Science, Veterinary Science, Life Science, Agriculture, Horticulture, Biotechnology, Biomedical Science, Microbiology, Biochemistry, Food Science, Genetics or Molecular Biology",Mangaluru,Karnataka,https://nucser.nitte.edu.in,9,Marine Biotechnology specialization
NEHU001,North Eastern Hill University,MSc Biotechnology,Biotechnology,MSc,30,As per DBT criteria and NEHU mandate,Shillong,Meghalaya,https://www.nehu.ac.in,10,Eligibility governed by DBT and university rules
OU001,Osmania University,MSc Molecular and Human Genetics,Molecular & Human Genetics,MSc,10,"Bachelor's degree in Engineering, Technology or Life Sciences in biology-related disciplines",Hyderabad,Telangana,https://www.instituteofgenetics.org,10,"General 55%, OBC(NCL) 50%, SC/ST/PWD 40%"
PONDI001,Pondicherry University,MSc Biotechnology,Biotechnology,MSc,30,"Bachelor's degree under 10+2+3 pattern in Physical, Biological (Biochemistry, Bioinformatics, Biotechnology, Botany, Microbiology, Zoology), Agricultural, Veterinary and Fishery Sciences, Pharmacy, Engineering/Technology, 4-year B.Sc. (Physician Assistant Course), MBBS or BDS",Puducherry,Puducherry,https://www.pondiuni.edu.in,10,Minimum 55%; no age limit
PGIMER001,Postgraduate Institute of Medical Education and Research,MSc Medical Biotechnology,Medical Biotechnology,MSc,10,B.Sc with 55% marks in any Life/Biological Sciences subject (General) and 50% marks for SC/ST/OBC candidates or MBBS,Chandigarh,Chandigarh,https://pgimer.edu.in,10,Medical Biotechnology specialization
RDWU001,Rama Devi Women's University,MSc Biotechnology,Biotechnology,MSc,10,Bachelor's degree under 10+2+3 pattern in Physical and Biological Sciences with at least 55% marks in aggregate,Bhubaneswar,Odisha,https://www.rdwuniversity.nic.in,10,Women candidates only
SPPU001,Savitribai Phule Pune University,MSc Biotechnology,Biotechnology,MSc,30,Any Science Graduate,Pune,Maharashtra,https://www.unipune.ac.in,10,Eligibility stated as Any Science Graduate
SPPU002,Savitribai Phule Pune University,MSc Bioinformatics,Bioinformatics,MSc,30,"B.Sc. in Life Sciences/Physical Sciences/Chemical Sciences/Statistics/Mathematics/Computer Science OR B.E./B.Tech./MBBS/BAMS/BHMS/B.Pharm./B.V.Sc.; UR: 60% or CGPA 6.0, Reserved: 55% or CGPA 5.5",Pune,Maharashtra,https://bioinfo.net.in,11,Bioinformatics programme
SMVDU001,Shri Mata Vaishno Devi University,MSc Biotechnology,Biotechnology,MSc,10,Valid GAT-B score and Graduation (10+2+3/4) in any stream of Biosciences with at least 50% aggregate marks or equivalent CGPA,Katra,Jammu and Kashmir,https://www.smvdu.ac.in,11,GAT-B mandatory; maximum age 30 years
SPMVV001,Sri Padmavati Mahila Visvavidyalayam,MSc Biotechnology,Biotechnology,MSc,20,Bachelor's Degree with Chemistry/Biochemistry/Botany/Zoology/Biotechnology/Microbiology/Genetics/Medical Lab Technology/Applied Nutrition/Bioinformatics/Computer Applications with minimum 50% group aggregate marks,Tirupati,Andhra Pradesh,http://www.spmvv.ac.in,11,Women's University
TEZU001,Tezpur University,MSc Molecular Biology and Biotechnology,Molecular Biology & Biotechnology,MSc,30,Bachelor’s degree with minimum 45% marks in Physical/Biological/Agricultural/Veterinary/Fishery Sciences OR 50% marks if not having Major/Honours OR 50% aggregate in Pharmacy/Engineering/Technology/Physician Assistant Course/Medicine,Tezpur,Assam,http://www.tezu.ernet.in,12,10 seats reserved for NE-state candidates with PRC
MSUB001,The Maharaja Sayajirao University of Baroda,MSc Biotechnology,Biotechnology,MSc,30,Bachelor’s degree with 50% aggregate in Chemical/Biological/Agricultural/Veterinary Sciences or B.Tech Biotechnology/B.Tech Industrial Biotechnology,Vadodara,Gujarat,https://www.msubaroda.ac.in,12,Maximum age 23 years
DU001,University of Delhi,MSc Plant Molecular Biology and Biotechnology,Plant Biotechnology,MSc,10,Bachelor’s degree from recognized university with 50% marks (UR/OBC-NCL/EWS) and 45% marks (SC/ST),New Delhi,Delhi,https://www.du.ac.in,12,Plant Molecular Biology specialization
UOH001,University of Hyderabad,MSc Biotechnology,Biotechnology,MSc,30,"Bachelor's degree under 10+2+3 pattern in Physical/Biological/Agricultural/Veterinary/Fishery Sciences, Pharmacy, 4-year Engineering/Technology, B.Sc. Physician Assistant Course, MBBS or BDS with at least 55% marks",Hyderabad,Telangana,https://www.uohyd.ac.in,12,Minimum 55% marks
JU001,University of Jammu,MSc Biotechnology,Biotechnology,MSc,20,Bachelor’s degree with 55% marks in Medical Stream/Microbiology/Biotechnology/Biochemistry/Agriculture/Veterinary Science/Botany/Chemistry/B.Pharma/MBBS/Physiotherapy/BDS/Pathology/MLT/Biological Sciences/B.Tech Biological Sciences; also eligible under NEP 2020 pathways,Jammu,Jammu and Kashmir,https://www.jammuuniversity.ac.in,13,Includes NEP 2020 eligibility routes
KASH001,University of Kashmir,MSc Biotechnology,Biotechnology,MSc,20,Bachelor’s degree under 10+2+3 pattern in Physical/Biological Sciences or Agriculture/Veterinary/Fishery Sciences/Pharmacy/Engineering/Technology/MBBS/BDS with 55% marks (Open Merit) and 50% marks (Reserved),Srinagar,Jammu and Kashmir,https://www.kashmiruniversity.net,14,Admission based on GAT-B score
MYS001,University of Mysore,MSc Biotechnology,Biotechnology,MSc,15,"Bachelor’s degree in Science including Agriculture, Pharmacy, Chemical Engineering, Medicine, Veterinary, Dairy, Fisheries, Horticulture, Forestry with minimum 55% marks",Mysuru,Karnataka,https://uni-mysore.ac.in,14,Minimum 55% aggregate
UTK001,Utkal University,MSc Biotechnology,Biotechnology,MSc,25,Bachelor’s degree under 10+2+3 pattern in Physical or Biological Sciences with at least 55% aggregate marks,Bhubaneswar,Odisha,https://www.utkaluniversity.nic.in,14,As per DBT guidelines
VBU001,Visva-Bharati University,MSc Biotechnology,Biotechnology,MSc,20,"Bachelor's degree in Biological/Physical Sciences, Veterinary/Fishery/Agricultural Sciences, Pharmacy, Engineering/Technology, Medicine and allied sciences",Santiniketan,West Bengal,https://www.visvabharati.ac.in,14,Biotechnology programme
RPCAU001,Dr. Rajendra Prasad Central Agricultural University,MSc (Ag.) Molecular Biology and Biotechnology,Agricultural Biotechnology,MSc,10,B.Sc. Ag./B.Sc.(Hons.) Agriculture/Horticulture/Forestry/Sericulture/Biotechnology or B.Tech Biotechnology with four-year graduation,Pusa,Bihar,https://www.rpcau.ac.in,14-15,3-year bachelor's degree not eligible
GBPUAT001,G.B. Pant University of Agriculture and Technology,MSc (Ag.) Molecular Biology and Biotechnology,Agricultural Biotechnology,MSc,15,Bachelor's Degree in Agriculture/Horticulture/Forestry/Agriculture Biotechnology/B.Tech Biotechnology (Four Years),Pantnagar,Uttarakhand,https://www.gbpuat.ac.in,15,Four-year agriculture degree required
IGKV001,Indira Gandhi Krishi Vishwavidyalaya,MSc (Ag.) Molecular Biology and Biotechnology,Agricultural Biotechnology,MSc,30,Valid GAT-B score; B.Sc.(Ag.)/B.Sc.(Hort.)/B.Sc.(Ag. Biotechnology)/B.Sc.(Forestry)/B.Tech Agri-Biotechnology/Biotechnology with OGPA 6.00/10 or 60%,Raipur,Chhattisgarh,https://igkv.ac.in,15,Minimum age 20 years
KAU001,Kerala Agricultural University,MSc (Ag.) Molecular Biology and Biotechnology,Agricultural Biotechnology,MSc,15,B.Sc. Agriculture/Horticulture/Forestry/Sericulture/Apiculture/Agricultural Biotechnology or B.Tech Biotechnology; OGPA 7.00/10 General and 6.50/10 SC/ST,Thrissur,Kerala,https://kau.in,15,No age limit
PAU001,Punjab Agricultural University,MSc (Agri.) Molecular Biology and Biotechnology,Agricultural Biotechnology,MSc,10,B.Sc. Biotech (Hons)/B.Sc. Biotech/B.Tech Biotech/B.Sc. Molecular Biology/B.Sc. Agri/B.Sc. Hort/B.Sc. Forestry and equivalent 4-year programmes,Ludhiana,Punjab,https://www.pau.edu,16,Four-year programmes only
RLBCAU001,Rani Lakshmi Bai Central Agricultural University,MSc (Agri.) Molecular Biology and Biotechnology,Agricultural Biotechnology,MSc,10,B.Sc. Agriculture/B.Sc. Horticulture/B.Sc. Forestry/B.Sc. Biotechnology (Hons.)/B.Tech Biotechnology,Jhansi,Uttar Pradesh,https://www.rlbcau.ac.in,16,Agriculture biotechnology programme
SKUAST001,Sher-e-Kashmir University of Agricultural Sciences and Technology Jammu,MSc (Agriculture) Molecular Biology and Biotechnology,Agricultural Biotechnology,MSc,10,Minimum 4-year degree in B.Tech Biotechnology/B.Sc.(Hons.) Agriculture/B.V.Sc. & A.H./B.Sc.(Hons.) Basic Sciences,Jammu,Jammu and Kashmir,https://www.skuastjammu.ac.in,16,Minimum 4-year degree mandatory
TNAU001,Tamil Nadu Agricultural University,MSc (Ag.) Molecular Biology and Biotechnology,Agricultural Biotechnology,MSc,20,B.Sc.(Ag.)/B.Sc.(Hons.) Agriculture/Horticulture/Forestry/Sericulture or B.Tech Agricultural Biotechnology/Biotechnology/Horticulture/Bioinformatics with 70% marks or OGPA 6.60/10; SC/ST OGPA 6.50/10,Coimbatore,Tamil Nadu,https://tnau.ac.in,16,No age limit
UASB001,University of Agricultural Sciences Bangalore,MSc (Ag.) Molecular Biology and Biotechnology,Agricultural Biotechnology,MSc,13,B.Sc. Ag./Horticulture/Forestry/Sericulture/Biotechnology or corresponding Hons. degree or B.Tech Biotechnology with minimum OGPA 5.50/10,Bengaluru,Karnataka,https://www.uasbangalore.edu.in,17,SC/ST/Category-I OGPA 5.00/10
UASD001,University of Agricultural Sciences Dharwad,MSc (Ag.) Molecular Biology and Biotechnology,Agricultural Biotechnology,MSc,12,4-year B.Sc. Agriculture/Agriculture Biotechnology/Horticulture/Sericulture/Forestry or B.Tech Agriculture Biotechnology with OGPA 6.50/10,Dharwad,Karnataka,http://www.uasd.edu,17,SC/ST/Category-I OGPA 6.00/10
VNMKV001,V.D. College of Agricultural Biotechnology,MSc (Agri.) Molecular Biology and Biotechnology,Agricultural Biotechnology,MSc,30,Four-year degree in Agriculture/Agricultural Biotechnology/B.Tech Biotechnology/Horticulture/Forestry with CGPA 6.5/10 or 65% marks,Latur,Maharashtra,https://www.vnmkv.ac.in,17,Maximum age 30 years
CUSAT001,Cochin University of Science and Technology,MTech Marine Biotechnology,Marine Biotechnology,MTech,20,B.Tech/BE Biotechnology or M.Sc. Life Sciences including Marine Biology with minimum 60% marks or equivalent CGPA and qualifying GAT-B score,Kochi,Kerala,https://cusat.ac.in,17-18,GAT-B mandatory
GGSIPU001,Guru Gobind Singh Indraprastha University,MTech Industrial Biotechnology,Industrial Biotechnology,MTech,10,"B.Tech Biotechnology/Chemical Engineering/Biochemical Engineering or related field, B.Pharm or M.Sc. Biotechnology/Biochemistry with 60% marks (General/EWS/OBC) or 55% marks (SC/ST/PwD)",New Delhi,Delhi,https://www.ipu.ac.in,18,Maximum age 30 years; age relaxation applicable
IIITD001,Indraprastha Institute of Information Technology Delhi,MTech Computational Biology,Computational Biology,MTech,15,"B.Tech/BE, MCA, M.Sc., B.Pharm, MBBS or BDS with required mathematics/programming background; 65% qualifying marks and valid GAT-B score",New Delhi,Delhi,https://www.iiitd.ac.in,18,Computational Biology specialization
ICTM001,Institute of Chemical Technology Mumbai,MTech Bioprocess Technology,Bioprocess Technology,MTech,30,"B.Chemical Engineering, B.Pharmacy, B.Tech/BE in Chemical, Food, Dairy, Biotechnology, Biochemical, Biomedical, Pharmaceutical or Industrial Biotechnology related disciplines with 60% marks (55% reserved)",Mumbai,Maharashtra,https://www.ictmumbai.edu.in,19,Three-year degrees not eligible
ICTM002,Institute of Chemical Technology Mumbai,MTech Food Biotechnology,Food Biotechnology,MTech,10,"B.Tech/B.Sc.(Tech)/BE in Food Engineering & Technology, Food Science, Food Process Technology, Dairy Technology, Biotechnology, Biochemical Engineering, Pharmaceutical Technology, Oil Technology or equivalent",Mumbai,Maharashtra,https://www.ictmumbai.edu.in,19,Three-year degrees not eligible
ICTM003,Institute of Chemical Technology Mumbai,MTech Pharmaceutical Biotechnology,Pharmaceutical Biotechnology,MTech,10,"B.Pharmacy, B.Tech/B.Sc.(Tech)/BE in Biotechnology, Biochemical Engineering, Pharmaceutical Technology, Industrial Biotechnology, Chemical Engineering, Biomedical Engineering or equivalent",Mumbai,Maharashtra,https://www.ictmumbai.edu.in,20,50% seats for pharmaceutical background candidates
JHU001,Jamia Hamdard University,MTech Biotechnology,Biotechnology,MTech,10,B.Tech/B.Pharma/M.Sc. Biotechnology/Biological Sciences/M.Sc.(Agriculture)/M.V.Sc. with minimum 55% marks,New Delhi,Delhi,https://jamiahamdard.edu,20,"Age limit: 28 years General/EWS, 31 years OBC, 33 years SC/ST/Women/Differently Abled"
JIIT001,Jaypee Institute of Information Technology,MTech Biotechnology,Biotechnology,MTech,10,B.Tech in Biotechnology/B.Tech in Bioinformatics/Master in Life Sciences/4-year Bachelor's degree in Life Sciences or Agriculture/MBBS/B.V.Sc./B.Pharma with at least 60% marks (55% for SC/ST) or equivalent grade point on a 10-point scale in aggregate. Admission under DBT support through centralized selection process only i.e. GAT-B.,Noida,Uttar Pradesh,https://www.jiit.ac.in,21,GAT-B mandatory
KSRCT001,K.S. Rangasamy College of Technology,MTech Biotechnology,Biotechnology,MTech,10,"Qualified in B.E./B.Tech in Genetic Engineering, Biochemical Engineering, Industrial Biotechnology, Agricultural Biotechnology, Pharmaceutical Biotechnology, Biotechnology and Biochemical Engineering.",Tiruchengode,Tamil Nadu,https://www.ksrct.ac.in,21,Specific engineering disciplines eligible
MAKAUT001,Maulana Abul Kalam Azad University of Technology,MTech Biotechnology,Biotechnology,MTech,30,"B.Tech/B.E. (Biotechnology, Biochemical Engineering, Biomedical Engineering, Industrial Biotechnology, Pharmaceutical Technology, Chemical Technology, Food Engineering) or equivalent; B.Pharm.; M.Sc. (Biotechnology, Biochemistry, Zoology, Microbiology, Genetics, Life Sciences, Bioengineering) with minimum 60% marks or equivalent CGPA from a recognized university.",Kolkata,West Bengal,https://makautwb.ac.in,21,No age limit
PONDI002,Pondicherry University,MTech Computational Biology,Computational Biology,MTech,30,"Minimum 55% marks in Master's degree in Bioinformatics, Physics, Chemistry, Mathematics, Statistics, Computer Science, Biotechnology, Biochemistry, Microbiology, Plant Biology, Botany, Animal Biology or Zoology; OR minimum 55% marks in B.Tech/B.Pharm/B.E. in Industrial Biotechnology, Biotechnology, Pharmaceutical Technology, Food Technology, Bioinformatics, Chemical Engineering, Leather Technology, Bioengineering, Information Technology, Computer Science and Engineering, Electrical and Electronics Engineering, Electronics and Communication Engineering, Mechanical Engineering, Biomedical Engineering, Electronics and Instrumentation Engineering.",Puducherry,Puducherry,https://www.pondiuni.edu.in,21-22,Computational Biology programme
VELTECH001,Vel Tech Rangarajan Dr. Sagunthala R&D Institute of Science and Technology,MTech Biotechnology,Biotechnology,MTech,10,"B.E./B.Tech in Biotechnology, Food Technology, Chemical Engineering, Pharmaceutical Engineering, Genetic Engineering, Agricultural Engineering, Biotechnology, Bioengineering; Master's Degree in Life Sciences (Biotechnology, Microbiology, Biochemistry, Genetic Engineering, Molecular Biology); B.Pharm with Biology or related subjects at 10+2 level or later.",Chennai,Tamil Nadu,https://www.veltech.edu.in,22,Multiple engineering and life science backgrounds accepted
AAU002,Assam Agricultural University,MVSc Veterinary Biotechnology,Veterinary Biotechnology,MVSc,10,"B.V.Sc. degree from a recognized university securing minimum CGPA of 2.60/4.00 or 3.25/5.00 or 6.60/10.00 for Gen/OBC/UPS category and 2.20/4.00 or 2.75/5.00 or 5.60/10.00 for SC/ST/DAC category. Where only marks are awarded, minimum 60% marks for Gen/OBC/UPS and 50% for SC/ST/DAC candidates.",Jorhat,Assam,http://www.aau.ac.in,22,No specific age limit; gap certificate required
NDVSU002,Nanaji Deshmukh Veterinary Science University,MVSc Animal Biotechnology,Animal Biotechnology,MVSc,5,B.V.Sc. and A.H. for admission to M.V.Sc. Veterinary Biotechnology programme. B.Sc. Life Science or B.Tech Biotechnology for admission to M.Sc. Animal Biotechnology programme.,Jabalpur,Madhya Pradesh,https://www.ndvsu.org,22,Veterinary Biotechnology / Animal Biotechnology programme
RGCB001,BRIC-Rajiv Gandhi Centre for Biotechnology (RGCB),M.Sc. Biotechnology (Disease Biology / Genetic Engineering),Biotechnology,MSc,20,Valid GAT-B score; Bachelor's degree in any branch of Life Science/Science/Engineering/Medicine with minimum 60% aggregate marks or equivalent GPA; 5% relaxation for SC/ST/OBC-NCL/PwD candidates; final-year students eligible subject to proof of qualifying marks at admission,Thiruvananthapuram,Kerala,https://www.rgcb.res.in,15,Affiliated to Regional Centre for Biotechnology (RCB); stipend ₹6000/month in first year and ₹8000/month in second year; admission based on GAT-B rank and RGCB category-wise cutoff; hostel facility available
GBU001,Gujarat Biotechnology University,M.Sc. Biotechnology,Biotechnology,MSc,100,Valid GAT-B score preferred; Bachelor's degree in any field of Science/Technology (10+2+3/4/5 pattern) from a recognized university with minimum 55% marks or equivalent CGPA (50% for SC/ST candidates); remaining seats may be filled through IIT-JAM and CUET-PG scores as per university policy,Gandhinagar,Gujarat,https://admission.gbu.edu.in,1,Admission primarily based on GAT-B merit; industry-oriented biotechnology curriculum; established by Government of Gujarat in collaboration with University of Edinburgh; MSc duration 2 years
RCB001,Regional Centre for Biotechnology,Integrated MS-PhD Programme,Biotechnology,Integrated MS-PhD,20,"Valid GAT-B score; Bachelor's degree in any branch of Science, Engineering or Medicine with minimum 60% aggregate marks or equivalent GPA; 5% relaxation for SC/ST/OBC-NCL/PwD candidates; final-year students eligible subject to proof of qualifying marks at admission; shortlisted candidates are called for interview; final selection based on GAT-B performance and interview",Faridabad,Haryana,https://rcb.res.in/phd-integrated-degree-ms-phd-program,1,Indian student intake up to 20 seats; reservation as per Government of India norms; admission includes interview assessing aptitude for scientific research and development
RCB001F,Regional Centre for Biotechnology,Integrated MS-PhD Programme (Foreign Students),Biotechnology,Integrated MS-PhD,5,"Bachelor's degree in any branch of Science, Engineering or Medicine with minimum 60% aggregate marks or equivalent GPA; final-year students eligible subject to proof of qualifying marks; selection based on online application and interview",Faridabad,Haryana,https://rcb.res.in/phd-integrated-degree-ms-phd-program,1,Up to 5 foreign students; admission subject to valid student visa and medical insurance; shortlisted candidates interviewed through video conferencing
